{"lr": 0.0004515625000000001, "data_time": 1.5602731108665466, "grad_norm": 5.386326813697815, "loss": 4.34748741388321, "top1_acc": 0.1956521739130435, "top5_acc": 0.3695652173913043, "loss_cls": 4.34748741388321, "time": 1.8745544314384461, "epoch": 1, "iter": 26, "memory": 16770, "step": 26}
{"lr": 0.0008149491806856304, "data_time": 1.5965216398239135, "grad_norm": 4.351054036617279, "loss": 3.5449351191520693, "top1_acc": 0.2826086956521739, "top5_acc": 0.6086956521739131, "loss_cls": 3.5449351191520693, "time": 1.9065325379371643, "epoch": 2, "iter": 52, "memory": 16770, "step": 52}
{"lr": 0.000989073800366903, "data_time": 1.4945388317108155, "grad_norm": 4.017185151576996, "loss": 3.384063494205475, "top1_acc": 0.2391304347826087, "top5_acc": 0.5, "loss_cls": 3.384063494205475, "time": 1.8112434983253478, "epoch": 3, "iter": 78, "memory": 16770, "step": 78}
{"acc/top1": 0.18028169014084508, "acc/top5": 0.43380281690140843, "acc/mean1": 0.030254666976430474, "data_time": 0.5431634032207987, "time": 0.6318933238153872, "step": 3}
{"lr": 0.000975528258147577, "data_time": 1.4627992510795593, "grad_norm": 3.9310054898262026, "loss": 3.24648996591568, "top1_acc": 0.1956521739130435, "top5_acc": 0.45652173913043476, "loss_cls": 3.24648996591568, "time": 1.7763375401496888, "epoch": 4, "iter": 104, "memory": 16770, "step": 104}
{"lr": 0.0009567727288213006, "data_time": 1.4892333149909973, "grad_norm": 4.061651337146759, "loss": 3.0823155879974364, "top1_acc": 0.2608695652173913, "top5_acc": 0.5652173913043478, "loss_cls": 3.0823155879974364, "time": 1.8015262007713317, "epoch": 5, "iter": 130, "memory": 16770, "step": 130}
{"lr": 0.0009330127018922197, "data_time": 1.480383563041687, "grad_norm": 4.1899737358093265, "loss": 3.0211120724678038, "top1_acc": 0.2826086956521739, "top5_acc": 0.5652173913043478, "loss_cls": 3.0211120724678038, "time": 1.7915137648582458, "epoch": 6, "iter": 156, "memory": 16770, "step": 156}
{"acc/top1": 0.17183098591549295, "acc/top5": 0.4140845070422535, "acc/mean1": 0.030132614626346546, "data_time": 0.5019593636194865, "time": 0.5841348469257355, "step": 6}
{"lr": 0.0009045084971874741, "data_time": 1.3910872101783753, "grad_norm": 4.188163411617279, "loss": 2.8994596362113954, "top1_acc": 0.2391304347826087, "top5_acc": 0.5869565217391305, "loss_cls": 2.8994596362113954, "time": 1.7041221141815186, "epoch": 7, "iter": 182, "memory": 16770, "step": 182}
{"lr": 0.0008715724127386974, "data_time": 1.5086334347724915, "grad_norm": 4.272362458705902, "loss": 2.7182764768600465, "top1_acc": 0.2826086956521739, "top5_acc": 0.6086956521739131, "loss_cls": 2.7182764768600465, "time": 1.8232507109642029, "epoch": 8, "iter": 208, "memory": 16770, "step": 208}
{"lr": 0.0008345653031794294, "data_time": 1.4884747505187987, "grad_norm": 4.466396403312683, "loss": 2.588416278362274, "top1_acc": 0.43478260869565216, "top5_acc": 0.5869565217391305, "loss_cls": 2.588416278362274, "time": 1.8013631463050843, "epoch": 9, "iter": 234, "memory": 16770, "step": 234}
{"acc/top1": 0.15774647887323945, "acc/top5": 0.35492957746478876, "acc/mean1": 0.020172676576321425, "data_time": 0.5014126002788544, "time": 0.5813213686148325, "step": 9}
{"lr": 0.0007938926261462368, "data_time": 1.574833059310913, "grad_norm": 4.463980507850647, "loss": 2.4213717579841614, "top1_acc": 0.32608695652173914, "top5_acc": 0.6739130434782609, "loss_cls": 2.4213717579841614, "time": 1.8878257632255555, "epoch": 10, "iter": 260, "memory": 16770, "step": 260}
{"lr": 0.0007500000000000002, "data_time": 1.5234985947608948, "grad_norm": 4.518106210231781, "loss": 2.313847893476486, "top1_acc": 0.3695652173913043, "top5_acc": 0.717391304347826, "loss_cls": 2.313847893476486, "time": 1.835448718070984, "epoch": 11, "iter": 286, "memory": 16770, "step": 286}
{"lr": 0.0007033683215379005, "data_time": 1.5557244062423705, "grad_norm": 4.7058542490005495, "loss": 2.243955934047699, "top1_acc": 0.391304347826087, "top5_acc": 0.6956521739130435, "loss_cls": 2.243955934047699, "time": 1.8718339562416078, "epoch": 12, "iter": 312, "memory": 16770, "step": 312}
{"acc/top1": 0.19436619718309858, "acc/top5": 0.4197183098591549, "acc/mean1": 0.04207432144531526, "data_time": 0.5077506999174753, "time": 0.5867993732293447, "step": 12}
{"lr": 0.0006545084971874741, "data_time": 1.5070385932922363, "grad_norm": 4.640947723388672, "loss": 2.034291011095047, "top1_acc": 0.34782608695652173, "top5_acc": 0.6304347826086957, "loss_cls": 2.034291011095047, "time": 1.8219724893569946, "epoch": 13, "iter": 338, "memory": 16770, "step": 338}
{"lr": 0.0006039558454088799, "data_time": 1.4635365724563598, "grad_norm": 4.762033772468567, "loss": 1.8406690537929535, "top1_acc": 0.5869565217391305, "top5_acc": 0.8260869565217391, "loss_cls": 1.8406690537929535, "time": 1.7801615953445435, "epoch": 14, "iter": 364, "memory": 16770, "step": 364}
{"lr": 0.0005522642316338271, "data_time": 1.4355741024017334, "grad_norm": 4.796268010139466, "loss": 1.724037653207779, "top1_acc": 0.391304347826087, "top5_acc": 0.7608695652173914, "loss_cls": 1.724037653207779, "time": 1.749542772769928, "epoch": 15, "iter": 390, "memory": 16770, "step": 390}
{"acc/top1": 0.22816901408450704, "acc/top5": 0.4197183098591549, "acc/mean1": 0.05305208583058568, "data_time": 0.48448766271273297, "time": 0.5661349693934122, "step": 15}
{"lr": 0.0005000000000000004, "data_time": 1.4798043489456176, "grad_norm": 4.64686039686203, "loss": 1.5104292511940003, "top1_acc": 0.5217391304347826, "top5_acc": 0.8478260869565217, "loss_cls": 1.5104292511940003, "time": 1.7926567792892456, "epoch": 16, "iter": 416, "memory": 16770, "step": 416}
{"lr": 0.00044773576836617363, "data_time": 1.501074492931366, "grad_norm": 4.486309587955475, "loss": 1.3233439683914185, "top1_acc": 0.5, "top5_acc": 0.8913043478260869, "loss_cls": 1.3233439683914185, "time": 1.8201194047927856, "epoch": 17, "iter": 442, "memory": 16770, "step": 442}
{"lr": 0.0003960441545911205, "data_time": 1.4121196269989014, "grad_norm": 4.369273364543915, "loss": 1.174584013223648, "top1_acc": 0.6086956521739131, "top5_acc": 0.9130434782608695, "loss_cls": 1.174584013223648, "time": 1.7274664640426636, "epoch": 18, "iter": 468, "memory": 16770, "step": 468}
{"acc/top1": 0.2056338028169014, "acc/top5": 0.4676056338028169, "acc/mean1": 0.05679739255649745, "data_time": 0.47562777002652484, "time": 0.560178687175115, "step": 18}
{"lr": 0.00034549150281252655, "data_time": 1.4199604511260986, "grad_norm": 4.331582629680634, "loss": 1.132385218143463, "top1_acc": 0.717391304347826, "top5_acc": 0.9565217391304348, "loss_cls": 1.132385218143463, "time": 1.736628234386444, "epoch": 19, "iter": 494, "memory": 16770, "step": 494}
{"lr": 0.00029663167846210014, "data_time": 1.4019953608512878, "grad_norm": 4.036113154888153, "loss": 0.9857654571533203, "top1_acc": 0.6521739130434783, "top5_acc": 0.9130434782608695, "loss_cls": 0.9857654571533203, "time": 1.7239240169525147, "epoch": 20, "iter": 520, "memory": 16770, "step": 520}
{"lr": 0.0002500000000000002, "data_time": 1.3968029856681823, "grad_norm": 3.891440987586975, "loss": 0.8459657967090607, "top1_acc": 0.7391304347826086, "top5_acc": 0.9782608695652174, "loss_cls": 0.8459657967090607, "time": 1.7115695476531982, "epoch": 21, "iter": 546, "memory": 16770, "step": 546}
{"acc/top1": 0.2676056338028169, "acc/top5": 0.48732394366197185, "acc/mean1": 0.09049861350986832, "data_time": 0.46836671233177185, "time": 0.5502075453599294, "step": 21}
{"lr": 0.0002061073738537636, "data_time": 1.4958008050918579, "grad_norm": 3.923021900653839, "loss": 0.8205130726099015, "top1_acc": 0.782608695652174, "top5_acc": 0.9565217391304348, "loss_cls": 0.8205130726099015, "time": 1.8131083607673646, "epoch": 22, "iter": 572, "memory": 16770, "step": 572}
{"lr": 0.00016543469682057114, "data_time": 1.4538007736206056, "grad_norm": 3.5766193985939028, "loss": 0.6449064880609512, "top1_acc": 0.8260869565217391, "top5_acc": 0.8913043478260869,